player,playerId,team,teamId,conference,division,age,position,jersey,height,teams
Aaron Gordon,203932,DEN,1610612743,west,northwest,26,F,50.0,80,DEN.ORL
Aaron Holiday,1628988,PHX,1610612756,west,pacific,25,G,4.0,72,PHX.WAS.IND
Aaron Nesmith,1630174,BOS,1610612738,east,atlantic,22,G-F,26.0,77,BOS
Aaron Wiggins,1630598,OKC,1610612760,west,northwest,23,G,21.0,76,OKC
Admiral Schofield,1629678,ORL,1610612753,east,southeast,24,F,25.0,77,ORL.WAS
Al Horford,201143,BOS,1610612738,east,atlantic,35,C-F,42.0,81,BOS.OKC.PHI.ATL
Alec Burks,202692,NYK,1610612752,east,atlantic,30,G,18.0,78,NYK.PHI.GSW.SAC.CLE.UTA
Aleksej Pokusevski,1630197,OKC,1610612760,west,northwest,20,F,17.0,84,OKC
Alex Caruso,1627936,CHI,1610612741,east,central,28,G,6.0,77,CHI.LAL
Alex Len,203458,SAC,1610612758,west,pacific,28,C,25.0,84,SAC.WAS.TOR.ATL.PHX
Alperen Sengun,1630578,HOU,1610612745,west,southwest,19,C,28.0,82,HOU
Amir Coffey,1629599,LAC,1610612746,west,pacific,24,G-F,7.0,79,LAC
Andre Drummond,203083,BKN,1610612751,east,atlantic,28,C,0.0,82,BKN.PHI.LAL.CLE.DET
Andre Iguodala,2738,GSW,1610612744,west,pacific,38,G-F,9.0,78,GSW.MIA.DEN.PHI
Andrew Wiggins,203952,GSW,1610612744,west,pacific,27,F,22.0,79,GSW.MIN
Anfernee Simons,1629014,POR,1610612757,west,northwest,22,G,1.0,75,POR
Anthony Davis,203076,LAL,1610612747,west,pacific,28,F-C,3.0,82,LAL.NOP.NOH
Anthony Edwards,1630162,MIN,1610612750,west,northwest,20,G,1.0,76,MIN
Anthony Gill,1630264,WAS,1610612764,east,southeast,29,F,16.0,79,WAS
Arnoldas Kulboka,1629083,CHA,1610612766,east,southeast,24,F,98.0,82,CHA
Austin Reaves,1630559,LAL,1610612747,west,pacific,23,G,15.0,77,LAL
Austin Rivers,203085,DEN,1610612743,west,northwest,29,G,25.0,76,DEN.NYK.HOU.WAS.LAC.NOP.NOH
Avery Bradley,202340,LAL,1610612747,west,pacific,31,G,20.0,75,LAL.HOU.MIA.MEM.LAC.DET.BOS
Ayo Dosunmu,1630245,CHI,1610612741,east,central,22,G,12.0,76,CHI
Bam Adebayo,1628389,MIA,1610612748,east,southeast,24,C-F,13.0,81,MIA
Ben McLemore,203463,POR,1610612757,west,northwest,29,G,23.0,75,POR.LAL.HOU.SAC.MEM
Ben Simmons,1627732,BKN,1610612751,east,atlantic,25,G-F,10.0,83,PHI
Bismack Biyombo,202687,PHX,1610612756,west,pacific,29,C,18.0,80,PHX.CHA.ORL.TOR
Blake Griffin,201933,BKN,1610612751,east,atlantic,32,F,2.0,81,BKN.DET.LAC
Boban Marjanovic,1626246,DAL,1610612742,west,southwest,33,C,51.0,87,DAL.PHI.LAC.DET.SAS
Bobby Portis,1626171,MIL,1610612749,east,central,27,F,9.0,82,MIL.NYK.WAS.CHI
Bogdan Bogdanovic,203992,ATL,1610612737,east,southeast,29,G,13.0,78,ATL.SAC
Bojan Bogdanovic,202711,UTA,1610612762,west,northwest,32,F,44.0,79,UTA.IND.WAS.BKN
Bol Bol,1629626,ORL,1610612753,east,southeast,22,C-F,10.0,86,DEN
Bones Hyland,1630538,DEN,1610612743,west,northwest,21,G,3.0,74,DEN
Bradley Beal,203078,WAS,1610612764,east,southeast,28,G,3.0,76,WAS
Brandon Boston Jr.,1630527,LAC,1610612746,west,pacific,20,G,4.0,78,LAC
Brandon Clarke,1629634,MEM,1610612763,west,southwest,25,F,15.0,80,MEM
Brandon Goodwin,1629164,CLE,1610612739,east,central,26,G,0.0,72,CLE.ATL.DEN
Brandon Ingram,1627742,NOP,1610612740,west,southwest,24,F,14.0,80,NOP.LAL
Brandon Williams,1630314,POR,1610612757,west,northwest,22,G,,74,POR
Brodric Thomas,1630271,BOS,1610612738,east,atlantic,25,G,97.0,77,BOS.CLE.HOU
Brook Lopez,201572,MIL,1610612749,east,central,33,C,11.0,84,MIL.LAL.BKN.NJN
Bruce Brown,1628971,BKN,1610612751,east,atlantic,25,G-F,1.0,76,BKN.DET
Bruno Fernando,1628981,HOU,1610612745,west,southwest,23,F-C,28.0,81,HOU.BOS.ATL
Bryn Forbes,1627854,DEN,1610612743,west,northwest,28,G,7.0,74,DEN.SAS.MIL
Buddy Hield,1627741,IND,1610612754,east,central,29,G,24.0,76,IND.SAC.NOP
CJ Elleby,1629604,POR,1610612757,west,northwest,21,F-G,16.0,78,POR
CJ McCollum,203468,NOP,1610612740,west,southwest,30,G,3.0,75,NOP.POR
Cade Cunningham,1630595,DET,1610612765,east,central,20,G,2.0,78,DET
Caleb Martin,1628997,MIA,1610612748,east,southeast,26,F,16.0,77,MIA.CHA
Cam Reddish,1629629,NYK,1610612752,east,atlantic,22,F-G,21.0,80,NYK.ATL
Cam Thomas,1630560,BKN,1610612751,east,atlantic,20,G,24.0,75,BKN
Cameron Johnson,1629661,PHX,1610612756,west,pacific,25,F,23.0,80,PHX
Cameron Payne,1626166,PHX,1610612756,west,pacific,27,G,15.0,73,PHX.CLE.CHI.OKC
Caris LeVert,1627747,CLE,1610612739,east,central,27,G,3.0,78,CLE.IND.BKN
Carmelo Anthony,2546,LAL,1610612747,west,pacific,37,F,7.0,79,LAL.POR.HOU.OKC.NYK.DEN
Cassius Winston,1630216,WAS,1610612764,east,southeast,24,G,5.0,73,WAS
Cedi Osman,1626224,CLE,1610612739,east,central,26,F,16.0,79,CLE
Charles Bassey,1629646,PHI,1610612755,east,atlantic,21,C-F,23.0,81,PHI
Charlie Brown Jr.,1629718,PHI,1610612755,east,atlantic,25,G,16.0,78,PHI.DAL.OKC.ATL
Chimezie Metu,1629002,SAC,1610612758,west,pacific,24,F-C,7.0,81,SAC.SAS
Chris Boucher,1628449,TOR,1610612761,east,atlantic,29,F-C,25.0,81,TOR.GSW
Chris Chiozza,1629185,GSW,1610612744,west,pacific,26,G,2.0,71,GSW.BKN.WAS.HOU
Chris Duarte,1630537,IND,1610612754,east,central,24,G,3.0,77,IND
Chris Paul,101108,PHX,1610612756,west,pacific,36,G,3.0,72,PHX.OKC.HOU.LAC.NOH.NOK
Chris Smith,1630607,DET,1610612765,east,central,22,F,0.0,81,DET
Christian Wood,1626174,HOU,1610612745,west,southwest,26,F,35.0,81,HOU.DET.NOP.MIL.CHA.PHI
Chuma Okeke,1629643,ORL,1610612753,east,southeast,23,F,3.0,78,ORL
Clint Capela,203991,ATL,1610612737,east,southeast,27,C,15.0,82,ATL.HOU
Coby White,1629632,CHI,1610612741,east,central,22,G,0.0,76,CHI
Cody Martin,1628998,CHA,1610612766,east,southeast,26,F,11.0,78,CHA
Cole Anthony,1630175,ORL,1610612753,east,southeast,21,G,50.0,75,ORL
Collin Sexton,1629012,CLE,1610612739,east,central,23,G,2.0,73,CLE
Corey Kispert,1630557,WAS,1610612764,east,southeast,22,F,24.0,78,WAS
Cory Joseph,202709,DET,1610612765,east,central,30,G,18.0,75,DET.SAC.IND.TOR.SAS
D'Angelo Russell,1626156,MIN,1610612750,west,northwest,26,G,0.0,76,MIN.GSW.BKN.LAL
D.J. Wilson,1628391,TOR,1610612761,east,atlantic,26,F,9.0,82,TOR.HOU.MIL
Daishen Nix,1630227,HOU,1610612745,west,southwest,20,G,15.0,76,HOU
Dalano Banton,1630625,TOR,1610612761,east,atlantic,22,F,45.0,79,TOR
Damian Jones,1627745,SAC,1610612758,west,pacific,26,C,30.0,83,SAC.LAL.PHX.ATL.GSW
Damian Lillard,203081,POR,1610612757,west,northwest,31,G,0.0,74,POR
Damion Lee,1627814,GSW,1610612744,west,pacific,29,G-F,1.0,77,GSW.ATL
Daniel Gafford,1629655,WAS,1610612764,east,southeast,23,F-C,21.0,81,WAS.CHI
Daniel Theis,1628464,BOS,1610612738,east,atlantic,29,F-C,27.0,81,BOS.HOU.CHI
Danilo Gallinari,201568,ATL,1610612737,east,southeast,33,F,8.0,82,ATL.OKC.LAC.DEN.NYK
Danny Green,201980,PHI,1610612755,east,atlantic,34,G,14.0,78,PHI.LAL.TOR.SAS.CLE
Danuel House Jr.,1627863,UTA,1610612762,west,northwest,28,F-G,25.0,78,UTA.NYK.HOU.PHX.WAS
Dario Saric,203967,PHX,1610612756,west,pacific,27,F-C,20.0,82,PHX.MIN.PHI
Darius Bazley,1629647,OKC,1610612760,west,northwest,21,F,7.0,80,OKC
Darius Garland,1629636,CLE,1610612739,east,central,22,G,10.0,73,CLE
David Duke Jr.,1630561,BKN,1610612751,east,atlantic,22,G,6.0,76,BKN
David Johnson,1630525,TOR,1610612761,east,atlantic,21,G,13.0,76,TOR
David Nwaba,1628021,HOU,1610612745,west,southwest,29,G-F,2.0,77,HOU.BKN.CLE.CHI.LAL
Davion Mitchell,1630558,SAC,1610612758,west,pacific,23,G,15.0,72,SAC
Davis Bertans,202722,DAL,1610612742,west,southwest,29,F,42.0,82,DAL.WAS.SAS
Davon Reed,1628432,DEN,1610612743,west,northwest,26,G,9.0,77,DEN.IND.PHX
Day'Ron Sharpe,1630549,BKN,1610612751,east,atlantic,20,F,20.0,81,BKN
De'Aaron Fox,1628368,SAC,1610612758,west,pacific,24,G,5.0,75,SAC
De'Andre Hunter,1629631,ATL,1610612737,east,southeast,24,F-G,12.0,80,ATL
De'Anthony Melton,1629001,MEM,1610612763,west,southwest,23,G,0.0,74,MEM.PHX
DeAndre Jordan,201599,LAL,1610612747,west,pacific,33,C,10.0,83,LAL.BKN.NYK.DAL.LAC
DeAndre' Bembry,1627761,MIL,1610612749,east,central,27,G-F,95.0,77,MIL.BKN.TOR.ATL
DeMar DeRozan,201942,CHI,1610612741,east,central,32,G-F,11.0,78,CHI.SAS.TOR
DeMarcus Cousins,202326,DEN,1610612743,west,northwest,31,C,4.0,82,DEN.MIL.LAC.HOU.GSW.NOP.SAC
Dean Wade,1629731,CLE,1610612739,east,central,25,F-C,32.0,81,CLE
Deandre Ayton,1629028,PHX,1610612756,west,pacific,23,C,22.0,83,PHX
Dejounte Murray,1627749,SAS,1610612759,west,southwest,25,G,5.0,76,SAS
Delon Wright,1626153,ATL,1610612737,east,southeast,29,G,0.0,77,ATL.SAC.DET.DAL.MEM.TOR
Deni Avdija,1630166,WAS,1610612764,east,southeast,21,F,9.0,81,WAS
Dennis Schroder,203471,HOU,1610612745,west,southwest,28,G,71.0,73,HOU.BOS.LAL.OKC.ATL
Derrick Favors,202324,OKC,1610612760,west,northwest,30,F,15.0,81,OKC.UTA.NOP.NJN
Derrick Jones Jr.,1627884,CHI,1610612741,east,central,25,F,5.0,78,CHI.POR.MIA.PHX
Derrick Rose,201565,NYK,1610612752,east,atlantic,33,G,4.0,74,NYK.DET.MIN.CLE.CHI
Derrick White,1628401,BOS,1610612738,east,atlantic,27,G,9.0,76,BOS.SAS
Desmond Bane,1630217,MEM,1610612763,west,southwest,23,G,22.0,77,MEM
Devin Booker,1626164,PHX,1610612756,west,pacific,25,G,1.0,77,PHX
Devin Vassell,1630170,SAS,1610612759,west,southwest,21,G-F,24.0,77,SAS
Devontae Cacok,1629719,SAS,1610612759,west,southwest,25,F,18.0,79,SAS.LAL
Devonte' Graham,1628984,NOP,1610612740,west,southwest,27,G,4.0,73,NOP.CHA
Dewayne Dedmon,203473,MIA,1610612748,east,southeast,32,C,21.0,84,MIA.ATL.SAC.SAS.ORL.PHI.GSW
Didi Louzada,1629712,POR,1610612757,west,northwest,22,G,35.0,77,NOP
Dillon Brooks,1628415,MEM,1610612763,west,southwest,26,G-F,24.0,79,MEM
Domantas Sabonis,1627734,SAC,1610612758,west,pacific,25,F-C,10.0,83,SAC.IND.OKC
Donovan Mitchell,1628378,UTA,1610612762,west,northwest,25,G,45.0,73,UTA
Donte DiVincenzo,1628978,SAC,1610612758,west,pacific,25,G,0.0,76,SAC.MIL
Dorian Finney-Smith,1627827,DAL,1610612742,west,southwest,28,F,10.0,79,DAL
Doug McDermott,203926,SAS,1610612759,west,southwest,30,F,17.0,79,SAS.IND.DAL.NYK.OKC.CHI
Draymond Green,203110,GSW,1610612744,west,pacific,31,F,23.0,78,GSW
Drew Eubanks,1629234,POR,1610612757,west,northwest,25,F-C,14.0,81,POR.SAS
Duane Washington Jr.,1630613,IND,1610612754,east,central,21,G,4.0,75,IND
Duncan Robinson,1629130,MIA,1610612748,east,southeast,27,F,55.0,79,MIA
Dwight Howard,2730,LAL,1610612747,west,pacific,36,C-F,39.0,82,LAL.PHI.WAS.CHA.ATL.HOU.ORL
Dwight Powell,203939,DAL,1610612742,west,southwest,30,F-C,7.0,82,DAL.BOS
Dylan Windler,1629685,CLE,1610612739,east,central,25,G-F,9.0,78,CLE
Ed Davis,202334,CLE,1610612739,east,central,32,C-F,21.0,81,CLE.MIN.UTA.BKN.POR.LAL.MEM.TOR
Elfrid Payton,203901,PHX,1610612756,west,pacific,28,G,2.0,75,PHX.NYK.NOP.ORL
Elijah Hughes,1630190,POR,1610612757,west,northwest,23,G,19.0,77,POR.UTA
Eric Bledsoe,202339,POR,1610612757,west,northwest,32,G,5.0,73,LAC.NOP.MIL.PHX
Eric Gordon,201569,HOU,1610612745,west,southwest,33,G,10.0,75,HOU.NOP.NOH.LAC
Eric Paschall,1629672,UTA,1610612762,west,northwest,25,F,0.0,78,UTA.GSW
Evan Fournier,203095,NYK,1610612752,east,atlantic,29,G-F,13.0,78,NYK.BOS.ORL.DEN
Evan Mobley,1630596,CLE,1610612739,east,central,20,C,4.0,83,CLE
Facundo Campazzo,1630267,DEN,1610612743,west,northwest,30,G,7.0,70,DEN
Frank Jackson,1628402,DET,1610612765,east,central,23,G,5.0,75,DET.NOP
Frank Kaminsky,1626163,PHX,1610612756,west,pacific,28,F-C,8.0,84,PHX.CHA
Frank Ntilikina,1628373,DAL,1610612742,west,southwest,23,G,21.0,76,DAL.NYK
Franz Wagner,1630532,ORL,1610612753,east,southeast,20,F,22.0,82,ORL
Fred VanVleet,1627832,TOR,1610612761,east,atlantic,28,G,23.0,73,TOR
Furkan Korkmaz,1627788,PHI,1610612755,east,atlantic,24,G-F,30.0,79,PHI
Gabe Vincent,1629216,MIA,1610612748,east,southeast,25,G,2.0,75,MIA
Garrett Temple,202066,NOP,1610612740,west,southwest,35,G-F,41.0,77,NOP.CHI.BKN.LAC.MEM.SAC.WAS.CHA.MIL.SAS.HOU
Garrison Mathews,1629726,HOU,1610612745,west,southwest,25,G,25.0,77,HOU.WAS
Gary Clark,1629109,NOP,1610612740,west,southwest,27,F,12.0,78,NOP.PHI.DEN.ORL.HOU
Gary Harris,203914,ORL,1610612753,east,southeast,27,G,14.0,76,ORL.DEN
Gary Payton II,1627780,GSW,1610612744,west,pacific,29,G,0.0,75,GSW.WAS.LAL.MIL
Gary Trent Jr.,1629018,TOR,1610612761,east,atlantic,23,G-F,33.0,77,TOR.POR
George Hill,201588,MIL,1610612749,east,central,35,G,3.0,76,MIL.PHI.OKC.CLE.SAC.UTA.IND.SAS
Georges Niang,1627777,PHI,1610612755,east,atlantic,28,F,20.0,79,PHI.UTA.IND
Giannis Antetokounmpo,203507,MIL,1610612749,east,central,27,F,34.0,83,MIL
Goga Bitadze,1629048,IND,1610612754,east,central,22,C-F,88.0,84,IND
Goran Dragic,201609,BKN,1610612751,east,atlantic,35,G,9.0,75,BKN.TOR.MIA.PHX.HOU
Gordon Hayward,202330,CHA,1610612766,east,southeast,31,F,20.0,79,CHA.BOS.UTA
Gorgui Dieng,203476,ATL,1610612737,east,southeast,32,C,10.0,82,ATL.SAS.MEM.MIN
Grant Williams,1629684,BOS,1610612738,east,atlantic,23,F,12.0,78,BOS
Grayson Allen,1628960,MIL,1610612749,east,central,26,G,7.0,76,MIL.MEM.UTA
Greg Brown III,1630535,POR,1610612757,west,northwest,20,F,4.0,79,POR
Hamidou Diallo,1628977,DET,1610612765,east,central,23,G,6.0,77,DET.OKC
Harrison Barnes,203084,SAC,1610612758,west,pacific,29,F,40.0,80,SAC.DAL.GSW
Hassan Whiteside,202355,UTA,1610612762,west,northwest,32,C,21.0,84,UTA.SAC.POR.MIA
Haywood Highsmith,1629312,MIA,1610612748,east,southeast,25,F,24.0,76,MIA.PHI
Herbert Jones,1630529,NOP,1610612740,west,southwest,23,F,5.0,79,NOP
Ignas Brazdeikis,1629649,ORL,1610612753,east,southeast,23,F,17.0,78,ORL.PHI.NYK
Immanuel Quickley,1630193,NYK,1610612752,east,atlantic,22,G,5.0,75,NYK
Isaac Bonga,1629067,TOR,1610612761,east,atlantic,22,G,17.0,80,TOR.WAS.LAL
Isaac Okoro,1630171,CLE,1610612739,east,central,21,F-G,35.0,77,CLE
Isaiah Hartenstein,1628392,LAC,1610612746,west,pacific,23,C-F,55.0,84,LAC.CLE.DEN.HOU
Isaiah Jackson,1630543,IND,1610612754,east,central,20,F,23.0,82,IND
Isaiah Joe,1630198,PHI,1610612755,east,atlantic,22,G,7.0,76,PHI
Isaiah Livers,1630587,DET,1610612765,east,central,23,F,12.0,78,DET
Isaiah Roby,1629676,OKC,1610612760,west,northwest,24,F,22.0,80,OKC
Isaiah Stewart,1630191,DET,1610612765,east,central,20,F-C,28.0,80,DET
Isaiah Todd,1630225,WAS,1610612764,east,southeast,20,F,14.0,81,WAS
Ish Smith,202397,WAS,1610612764,east,southeast,33,G,10.0,72,WAS.CHA.DET.PHI.NOP.OKC.PHX.MIL.ORL.GSW.MEM.HOU
Ish Wainright,1630688,PHX,1610612756,west,pacific,27,F,12.0,77,PHX
Ivica Zubac,1627826,LAC,1610612746,west,pacific,24,C,40.0,84,LAC.LAL
JT Thor,1630550,CHA,1610612766,east,southeast,19,F,21.0,81,CHA
Ja Morant,1629630,MEM,1610612763,west,southwest,22,G,12.0,75,MEM
JaMychal Green,203210,DEN,1610612743,west,northwest,31,F-C,0.0,80,DEN.LAC.MEM.SAS
JaVale McGee,201580,PHX,1610612756,west,pacific,34,C-F,0.0,84,PHX.DEN.CLE.LAL.GSW.DAL.PHI.WAS
Jaden McDaniels,1630183,MIN,1610612750,west,northwest,21,F,3.0,81,MIN
Jaden Springer,1630531,PHI,1610612755,east,atlantic,19,G,11.0,76,PHI
Jae Crowder,203109,PHX,1610612756,west,pacific,31,F,99.0,78,PHX.MIA.MEM.UTA.CLE.BOS.DAL
Jae'Sean Tate,1630256,HOU,1610612745,west,southwest,26,F,8.0,76,HOU
Jake Layman,1627774,MIN,1610612750,west,northwest,27,F,10.0,80,MIN.POR
Jakob Poeltl,1627751,SAS,1610612759,west,southwest,26,C,25.0,85,SAS.TOR
Jalen Brunson,1628973,DAL,1610612742,west,southwest,25,G,13.0,73,DAL
Jalen Green,1630224,HOU,1610612745,west,southwest,20,G,0.0,76,HOU
Jalen Johnson,1630552,ATL,1610612737,east,southeast,20,F,1.0,80,ATL
Jalen McDaniels,1629667,CHA,1610612766,east,southeast,24,F-C,6.0,81,CHA
Jalen Smith,1630188,IND,1610612754,east,central,21,F-C,25.0,82,IND.PHX
Jalen Suggs,1630591,ORL,1610612753,east,southeast,20,G,4.0,77,ORL
Jamal Murray,1627750,DEN,1610612743,west,northwest,25,G,27.0,75,DEN
James Bouknight,1630547,CHA,1610612766,east,southeast,21,G,5.0,76,CHA
James Harden,201935,PHI,1610612755,east,atlantic,32,G,1.0,77,PHI.BKN.HOU.OKC
James Johnson,201949,BKN,1610612751,east,atlantic,35,F,16.0,79,BKN.NOP.DAL.MIN.MIA.TOR.MEM.SAC.CHI
James Wiseman,1630164,GSW,1610612744,west,pacific,20,C,33.0,84,GSW
Jamorko Pickett,1630691,DET,1610612765,east,central,24,F,24.0,81,DET
Jared Butler,1630215,UTA,1610612762,west,northwest,21,G,13.0,75,UTA
Jaren Jackson Jr.,1628991,MEM,1610612763,west,southwest,22,F-C,13.0,83,MEM
Jarred Vanderbilt,1629020,MIN,1610612750,west,northwest,22,F,8.0,81,MIN.DEN
Jarrett Allen,1628386,CLE,1610612739,east,central,23,C,31.0,82,CLE.BKN
Jarrett Culver,1629633,MEM,1610612763,west,southwest,23,G-F,23.0,78,MEM.MIN
Jason Preston,1630554,LAC,1610612746,west,pacific,22,G,17.0,75,LAC
Javonte Green,1629750,CHI,1610612741,east,central,28,G-F,24.0,77,CHI.BOS
Javonte Smart,1630606,MIA,1610612748,east,southeast,22,G,15.0,76,MIL
Jaxson Hayes,1629637,NOP,1610612740,west,southwest,21,C-F,10.0,83,NOP
Jay Scrubb,1630206,LAC,1610612746,west,pacific,21,G,0.0,77,LAC
Jaylen Brown,1627759,BOS,1610612738,east,atlantic,25,G-F,7.0,78,BOS
Jaylen Nowell,1629669,MIN,1610612750,west,northwest,22,G,4.0,76,MIN
Jayson Tatum,1628369,BOS,1610612738,east,atlantic,23,F-G,0.0,80,BOS
Jeff Green,201145,DEN,1610612743,west,northwest,35,F,32.0,80,DEN.BKN.HOU.UTA.WAS.CLE.ORL.LAC.MEM.BOS.OKC.SEA
Jerami Grant,203924,DET,1610612765,east,central,27,F,9.0,80,DET.DEN.OKC.PHI
Jeremiah Robinson-Earl,1630526,OKC,1610612760,west,northwest,21,F,50.0,80,OKC
Jeremy Lamb,203087,SAC,1610612758,west,pacific,29,G-F,26.0,77,SAC.IND.CHA.OKC
Jericho Sims,1630579,NYK,1610612752,east,atlantic,23,C,45.0,81,NYK
Jevon Carter,1628975,MIL,1610612749,east,central,26,G,0.0,73,MIL.BKN.PHX.MEM
Jimmy Butler,202710,MIA,1610612748,east,southeast,32,F,22.0,79,MIA.PHI.MIN.CHI
Jock Landale,1629111,SAS,1610612759,west,southwest,26,C,34.0,83,SAS
Joe Harris,203925,BKN,1610612751,east,atlantic,30,G-F,12.0,78,BKN.CLE
Joe Ingles,204060,POR,1610612757,west,northwest,34,F-G,0.0,80,UTA
Joe Wieskamp,1630580,SAS,1610612759,west,southwest,22,G-F,15.0,78,SAS
Joel Ayayi,1630555,WAS,1610612764,east,southeast,21,G,17.0,76,WAS
Joel Embiid,203954,PHI,1610612755,east,atlantic,27,C-F,21.0,84,PHI
John Collins,1628381,ATL,1610612737,east,southeast,24,F-C,20.0,81,ATL
John Konchar,1629723,MEM,1610612763,west,southwest,25,G,46.0,77,MEM
John Wall,202322,HOU,1610612745,west,southwest,31,G,1.0,75,HOU.WAS
Jonas Valanciunas,202685,NOP,1610612740,west,southwest,29,C,17.0,83,NOP.MEM.TOR
Jonathan Isaac,1628371,ORL,1610612753,east,southeast,24,F,1.0,82,ORL
Jonathan Kuminga,1630228,GSW,1610612744,west,pacific,19,F,0.0,79,GSW
Jordan Clarkson,203903,UTA,1610612762,west,northwest,29,G,0.0,76,UTA.CLE.LAL
Jordan McLaughlin,1629162,MIN,1610612750,west,northwest,25,G,6.0,71,MIN
Jordan Nwora,1629670,MIL,1610612749,east,central,23,F,13.0,80,MIL
Jordan Poole,1629673,GSW,1610612744,west,pacific,22,G,3.0,76,GSW
Jose Alvarado,1630631,NOP,1610612740,west,southwest,23,G,15.0,72,NOP
Josh Christopher,1630528,HOU,1610612745,west,southwest,20,G,9.0,75,HOU
Josh Giddey,1630581,OKC,1610612760,west,northwest,19,G,3.0,80,OKC
Josh Green,1630182,DAL,1610612742,west,southwest,21,G,8.0,77,DAL
Josh Hart,1628404,POR,1610612757,west,northwest,26,G,11.0,77,POR.NOP.LAL
Josh Jackson,1628367,SAC,1610612758,west,pacific,25,G-F,55.0,80,SAC.DET.MEM.PHX
Josh Okogie,1629006,MIN,1610612750,west,northwest,23,G,20.0,76,MIN
Josh Richardson,1626196,SAS,1610612759,west,southwest,28,G,7.0,77,SAS.BOS.DAL.PHI.MIA
Joshua Primo,1630563,SAS,1610612759,west,southwest,19,G,11.0,76,SAS
Jrue Holiday,201950,MIL,1610612749,east,central,31,G,21.0,75,MIL.NOP.PHI
Juan Toscano-Anderson,1629308,GSW,1610612744,west,pacific,28,F,95.0,78,GSW
Juancho Hernangomez,1627823,UTA,1610612762,west,northwest,26,F,41.0,81,UTA.SAS.BOS.MIN.DEN
Julius Randle,203944,NYK,1610612752,east,atlantic,27,F-C,30.0,80,NYK.NOP.LAL
Justin Champagnie,1630551,TOR,1610612761,east,atlantic,20,G-F,11.0,78,TOR
Justin Holiday,203200,SAC,1610612758,west,pacific,32,F-G,9.0,78,SAC.IND.MEM.CHI.NYK.ATL.GSW.PHI
Justise Winslow,1626159,POR,1610612757,west,northwest,25,F-G,26.0,78,POR.LAC.MEM.MIA
Jusuf Nurkic,203994,POR,1610612757,west,northwest,27,C,27.0,83,POR.DEN
Kai Jones,1630539,CHA,1610612766,east,southeast,21,C-F,23.0,82,CHA
Karl-Anthony Towns,1626157,MIN,1610612750,west,northwest,26,C-F,32.0,83,MIN
Kawhi Leonard,202695,LAC,1610612746,west,pacific,30,F,2.0,79,LAC.TOR.SAS
Keifer Sykes,1626208,IND,1610612754,east,central,28,G,28.0,71,IND
Keita Bates-Diop,1628966,SAS,1610612759,west,southwest,26,F,31.0,80,SAS.DEN.MIN
Kelan Martin,1629103,BOS,1610612738,east,atlantic,26,F,21.0,77,BOS.IND.MIN
Keldon Johnson,1629640,SAS,1610612759,west,southwest,22,F-G,3.0,78,SAS
Keljin Blevins,1629833,POR,1610612757,west,northwest,26,G,21.0,76,POR
Kelly Olynyk,203482,DET,1610612765,east,central,30,F-C,13.0,83,DET.HOU.MIA.BOS
Kelly Oubre Jr.,1626162,CHA,1610612766,east,southeast,26,F-G,12.0,78,CHA.GSW.PHX.WAS
Kemba Walker,202689,NYK,1610612752,east,atlantic,31,G,8.0,72,NYK.BOS.CHA
Kendrick Nunn,1629134,LAL,1610612747,west,pacific,26,G,12.0,74,MIA
Kenrich Williams,1629026,OKC,1610612760,west,northwest,27,G-F,34.0,78,OKC.NOP
Kent Bazemore,203145,LAL,1610612747,west,pacific,32,G-F,9.0,76,LAL.GSW.SAC.POR.ATL
Kentavious Caldwell-Pope,203484,WAS,1610612764,east,southeast,29,G,1.0,77,WAS.LAL.DET
Kenyon Martin Jr.,1630231,HOU,1610612745,west,southwest,21,F,6.0,77,HOU
Keon Johnson,1630553,POR,1610612757,west,northwest,19,G,6.0,76,POR.LAC
Kessler Edwards,1630556,BKN,1610612751,east,atlantic,21,F,14.0,79,BKN
Kevin Durant,201142,BKN,1610612751,east,atlantic,33,F,7.0,82,BKN.GSW.OKC.SEA
Kevin Huerter,1628989,ATL,1610612737,east,southeast,23,G-F,3.0,79,ATL
Kevin Knox II,1628995,ATL,1610612737,east,southeast,22,F,5.0,79,ATL.NYK
Kevin Love,201567,CLE,1610612739,east,central,33,F-C,0.0,80,CLE.MIN
Kevin Porter Jr.,1629645,HOU,1610612745,west,southwest,21,G-F,3.0,76,HOU.CLE
Kevon Looney,1626172,GSW,1610612744,west,pacific,26,F,5.0,81,GSW
Khem Birch,203920,TOR,1610612761,east,atlantic,29,C,24.0,81,TOR.ORL
Khris Middleton,203114,MIL,1610612749,east,central,30,F,22.0,79,MIL.DET
Killian Hayes,1630165,DET,1610612765,east,central,20,G,7.0,77,DET
Killian Tillie,1629681,MEM,1610612763,west,southwest,23,F-C,35.0,81,MEM
Kira Lewis Jr.,1630184,NOP,1610612740,west,southwest,20,G,13.0,73,NOP
Klay Thompson,202691,GSW,1610612744,west,pacific,32,G,11.0,78,GSW
Kristaps Porzingis,204001,WAS,1610612764,east,southeast,26,F-C,6.0,87,DAL.NYK
Kyle Anderson,203937,MEM,1610612763,west,southwest,28,F-G,1.0,81,MEM.SAS
Kyle Guy,1629657,MIA,1610612748,east,southeast,24,G,5.0,73,MIA.SAC
Kyle Kuzma,1628398,WAS,1610612764,east,southeast,26,F,33.0,81,WAS.LAL
Kyle Lowry,200768,MIA,1610612748,east,southeast,35,G,7.0,72,MIA.TOR.HOU.MEM
Kyrie Irving,202681,BKN,1610612751,east,atlantic,29,G,11.0,74,BKN.BOS.CLE
LaMarcus Aldridge,200746,BKN,1610612751,east,atlantic,36,C-F,21.0,83,BKN.SAS.POR
LaMelo Ball,1630163,CHA,1610612766,east,southeast,20,G,2.0,79,CHA
Lamar Stevens,1630205,CLE,1610612739,east,central,24,F,8.0,78,CLE
Lance Stephenson,202362,IND,1610612754,east,central,31,F,6.0,77,IND.ATL.LAL.MIN.NOP.MEM.LAC.CHA
Landry Shamet,1629013,PHX,1610612756,west,pacific,24,G,14.0,76,PHX.BKN.LAC.PHI
Larry Nance Jr.,1626204,NOP,1610612740,west,southwest,29,F-C,22.0,79,POR.CLE.LAL
Lauri Markkanen,1628374,CLE,1610612739,east,central,24,F-C,24.0,83,CLE.CHI
LeBron James,2544,LAL,1610612747,west,pacific,37,F,6.0,81,LAL.CLE.MIA
Leandro Bolmaro,1630195,MIN,1610612750,west,northwest,21,F,9.0,78,MIN
Lindell Wigginton,1629623,MIL,1610612749,east,central,23,G,28.0,73,MIL
Lindy Waters III,1630322,OKC,1610612760,west,northwest,24,F,12.0,78,OKC
Lonnie Walker IV,1629022,SAS,1610612759,west,southwest,23,G-F,1.0,76,SAS
Lonzo Ball,1628366,CHI,1610612741,east,central,24,G,2.0,78,CHI.NOP.LAL
Lou Williams,101150,ATL,1610612737,east,southeast,35,G,6.0,74,ATL.LAC.HOU.LAL.TOR.PHI
Luguentz Dort,1629652,OKC,1610612760,west,northwest,22,G,5.0,75,OKC
Luka Doncic,1629029,DAL,1610612742,west,southwest,23,F-G,77.0,79,DAL
Luka Garza,1630568,DET,1610612765,east,central,23,C,55.0,82,DET
Luka Samanic,1629677,NYK,1610612752,east,atlantic,22,F,91.0,82,SAS
Luke Kennard,1628379,LAC,1610612746,west,pacific,25,G,5.0,77,LAC.DET
Luke Kornet,1628436,BOS,1610612738,east,atlantic,26,C-F,40.0,86,BOS.MIL.CLE.CHI.NYK
Malachi Flynn,1630201,TOR,1610612761,east,atlantic,23,G,22.0,73,TOR
Malcolm Brogdon,1627763,IND,1610612754,east,central,29,G,7.0,77,IND.MIL
Malcolm Hill,1630792,CHI,1610612741,east,central,26,F,,78,CHI.ATL
Malik Beasley,1627736,MIN,1610612750,west,northwest,25,G,5.0,76,MIN.DEN
Malik Fitts,1630238,BOS,1610612738,east,atlantic,24,F,24.0,77,BOS.UTA.LAC
Malik Monk,1628370,LAL,1610612747,west,pacific,24,G,11.0,75,LAL.CHA
Marcus Morris Sr.,202694,LAC,1610612746,west,pacific,32,F,8.0,80,LAC.NYK.BOS.DET.PHX.HOU
Marcus Smart,203935,BOS,1610612738,east,atlantic,27,G,36.0,76,BOS
Markelle Fultz,1628365,ORL,1610612753,east,southeast,23,G,20.0,76,ORL.PHI
Markieff Morris,202693,MIA,1610612748,east,southeast,32,F,8.0,81,MIA.LAL.DET.OKC.WAS.PHX
Marko Simonovic,1630250,CHI,1610612741,east,central,22,C,19.0,83,CHI
Markus Howard,1630210,DEN,1610612743,west,northwest,22,G,0.0,70,DEN
Marquese Chriss,1627737,DAL,1610612742,west,southwest,24,F,35.0,81,DAL.GSW.CLE.HOU.PHX
Marvin Bagley III,1628963,DET,1610612765,east,central,22,F,35.0,83,DET.SAC
Mason Jones,1630222,LAL,1610612747,west,pacific,23,G,40.0,76,LAL.PHI.HOU
Mason Plumlee,203486,CHA,1610612766,east,southeast,31,F-C,24.0,83,CHA.DET.DEN.POR.BKN
Matisse Thybulle,1629680,PHI,1610612755,east,atlantic,24,G-F,22.0,77,PHI
Matt Ryan,1630346,BOS,1610612738,east,atlantic,24,F,,79,BOS
Matt Thomas,1629744,CHI,1610612741,east,central,27,G,21.0,75,CHI.UTA.TOR
Maurice Harkless,203090,SAC,1610612758,west,pacific,28,F-G,8.0,79,SAC.MIA.NYK.LAC.POR.ORL
Max Strus,1629622,MIA,1610612748,east,southeast,25,G-F,31.0,77,MIA.CHI
Maxi Kleber,1628467,DAL,1610612742,west,southwest,30,F,42.0,82,DAL
McKinley Wright IV,1630593,MIN,1610612750,west,northwest,23,G,25.0,71,MIN
Michael Porter Jr.,1629008,DEN,1610612743,west,northwest,23,F,1.0,82,DEN
Mikal Bridges,1628969,PHX,1610612756,west,pacific,25,F,25.0,78,PHX
Mike Conley,201144,UTA,1610612762,west,northwest,34,G,11.0,73,UTA.MEM
Mike Muscala,203488,OKC,1610612760,west,northwest,30,F-C,33.0,82,OKC.LAL.PHI.ATL
Miles Bridges,1628970,CHA,1610612766,east,southeast,23,F,0.0,79,CHA
Miles McBride,1630540,NYK,1610612752,east,atlantic,21,G,2.0,73,NYK
Mitchell Robinson,1629011,NYK,1610612752,east,atlantic,23,C-F,23.0,84,NYK
Mo Bamba,1628964,ORL,1610612753,east,southeast,23,C,5.0,84,ORL
Monte Morris,1628420,DEN,1610612743,west,northwest,26,G,11.0,74,DEN
Montrezl Harrell,1626149,CHA,1610612766,east,southeast,28,F-C,6.0,79,CHA.WAS.LAL.LAC.HOU
Moritz Wagner,1629021,ORL,1610612753,east,southeast,24,F-C,21.0,83,ORL.BOS.WAS.LAL
Moses Moody,1630541,GSW,1610612744,west,pacific,19,G,4.0,77,GSW
Moses Wright,1630589,DAL,1610612742,west,southwest,23,F,,80,LAC
Myles Powell,1629619,PHI,1610612755,east,atlantic,24,G,5.0,74,PHI
Myles Turner,1626167,IND,1610612754,east,central,25,C-F,33.0,83,IND
Naji Marshall,1630230,NOP,1610612740,west,southwest,24,F,8.0,79,NOP
Nassir Little,1629642,POR,1610612757,west,northwest,22,F-G,9.0,77,POR
Nathan Knight,1630233,MIN,1610612750,west,northwest,24,F-C,13.0,82,MIN.ATL
Naz Reid,1629675,MIN,1610612750,west,northwest,22,C-F,11.0,81,MIN
Neemias Queta,1629674,SAC,1610612758,west,pacific,22,C,88.0,84,SAC
Nemanja Bjelica,202357,GSW,1610612744,west,pacific,33,F,8.0,81,GSW.MIA.SAC.MIN
Nerlens Noel,203457,NYK,1610612752,east,atlantic,27,C-F,3.0,83,NYK.OKC.DAL.PHI
Nic Claxton,1629651,BKN,1610612751,east,atlantic,22,F-C,33.0,83,BKN
Nick Richards,1630208,CHA,1610612766,east,southeast,24,C,14.0,84,CHA
Nickeil Alexander-Walker,1629638,UTA,1610612762,west,northwest,23,G,6.0,77,UTA.NOP
Nicolas Batum,201587,LAC,1610612746,west,pacific,33,G-F,33.0,80,LAC.CHA.POR
Nikola Jokic,203999,DEN,1610612743,west,northwest,27,C,15.0,83,DEN
Nikola Vucevic,202696,CHI,1610612741,east,central,31,C,9.0,82,CHI.ORL.PHI
Norman Powell,1626181,LAC,1610612746,west,pacific,28,G,24.0,75,LAC.POR.TOR
OG Anunoby,1628384,TOR,1610612761,east,atlantic,24,F,3.0,79,TOR
Obi Toppin,1630167,NYK,1610612752,east,atlantic,23,F,1.0,81,NYK
Olivier Sarr,1630846,OKC,1610612760,west,northwest,23,C,30.0,84,OKC
Omer Yurtseven,1630209,MIA,1610612748,east,southeast,23,C,77.0,83,MIA
Onyeka Okongwu,1630168,ATL,1610612737,east,southeast,21,F-C,17.0,80,ATL
Oshae Brissett,1629052,IND,1610612754,east,central,23,F-G,12.0,79,IND.TOR
Otto Porter Jr.,203490,GSW,1610612744,west,pacific,28,F,32.0,80,GSW.ORL.CHI.WAS
P.J. Tucker,200782,MIA,1610612748,east,southeast,36,F,17.0,77,MIA.MIL.HOU.TOR.PHX
P.J. Washington,1629023,CHA,1610612766,east,southeast,23,F,25.0,79,CHA
Pascal Siakam,1627783,TOR,1610612761,east,atlantic,27,F,43.0,80,TOR
Pat Connaughton,1626192,MIL,1610612749,east,central,29,G,24.0,77,MIL.POR
Patrick Beverley,201976,MIN,1610612750,west,northwest,33,G,22.0,73,MIN.LAC.HOU
Patrick Williams,1630172,CHI,1610612741,east,central,20,F,44.0,79,CHI
Patty Mills,201988,BKN,1610612751,east,atlantic,33,G,8.0,72,BKN.SAS.POR
Paul George,202331,LAC,1610612746,west,pacific,31,F,13.0,80,LAC.OKC.IND
Paul Millsap,200794,PHI,1610612755,east,atlantic,37,F,8.0,79,PHI.BKN.DEN.ATL.UTA
Paul Reed,1630194,PHI,1610612755,east,atlantic,22,F,44.0,81,PHI
Payton Pritchard,1630202,BOS,1610612738,east,atlantic,24,G,11.0,73,BOS
Precious Achiuwa,1630173,TOR,1610612761,east,atlantic,22,F,5.0,80,TOR.MIA
Quentin Grimes,1629656,NYK,1610612752,east,atlantic,21,G,6.0,76,NYK
Quinndary Weatherspoon,1629683,GSW,1610612744,west,pacific,25,G,15.0,75,GSW.SAS
R.J. Hampton,1630181,ORL,1610612753,east,southeast,21,G,13.0,76,ORL.DEN
RJ Barrett,1629628,NYK,1610612752,east,atlantic,21,F-G,9.0,78,NYK
RJ Nembhard Jr.,1630612,CLE,1610612739,east,central,22,G,5.0,76,CLE
Rajon Rondo,200765,CLE,1610612739,east,central,36,G,1.0,73,CLE.LAL.LAC.ATL.NOP.CHI.SAC.DAL.BOS
Raul Neto,203526,WAS,1610612764,east,southeast,29,G,19.0,74,WAS.PHI.UTA
Reggie Bullock,203493,DAL,1610612742,west,southwest,30,G-F,25.0,78,DAL.NYK.LAL.DET.PHX.LAC
Reggie Jackson,202704,LAC,1610612746,west,pacific,31,G,1.0,74,LAC.DET.OKC
Richaun Holmes,1626158,SAC,1610612758,west,pacific,28,F,22.0,82,SAC.PHX.PHI
Ricky Rubio,201937,IND,1610612754,east,central,31,G,99.0,74,CLE.MIN.PHX.UTA
Robert Covington,203496,LAC,1610612746,west,pacific,31,F,23.0,79,LAC.POR.HOU.MIN.PHI
Robert Williams III,1629057,BOS,1610612738,east,atlantic,24,C-F,44.0,81,BOS
Robin Lopez,201577,ORL,1610612753,east,southeast,33,C,33.0,84,ORL.WAS.MIL.CHI.NYK.POR.NOH.PHX
Rodney Hood,203918,LAC,1610612746,west,pacific,29,G-F,5.0,80,LAC.MIL.TOR.POR.CLE.UTA
Rodney McGruder,203585,DET,1610612765,east,central,30,G,17.0,76,DET.LAC.MIA
Romeo Langford,1629641,SAS,1610612759,west,southwest,22,G-F,35.0,77,BOS
Royce O'Neale,1626220,UTA,1610612762,west,northwest,28,F,23.0,77,UTA
Rudy Gay,200752,UTA,1610612762,west,northwest,35,F-G,8.0,80,UTA.SAS.SAC.TOR.MEM
Rudy Gobert,203497,UTA,1610612762,west,northwest,29,C,27.0,85,UTA
Rui Hachimura,1629060,WAS,1610612764,east,southeast,24,F,8.0,80,WAS
Russell Westbrook,201566,LAL,1610612747,west,pacific,33,G,0.0,75,LAL.WAS.HOU.OKC
Ryan Arcidiacono,1627853,NYK,1610612752,east,atlantic,27,G,51.0,75,CHI
Saben Lee,1630240,DET,1610612765,east,central,22,G,38.0,74,DET
Saddiq Bey,1630180,DET,1610612765,east,central,22,F,41.0,79,DET
Sam Hauser,1630573,BOS,1610612738,east,atlantic,24,F,30.0,79,BOS
Sandro Mamukelashvili,1630572,MIL,1610612749,east,central,22,F-C,54.0,81,MIL
Santi Aldama,1630583,MEM,1610612763,west,southwest,21,F-C,7.0,83,MEM
Scottie Barnes,1630567,TOR,1610612761,east,atlantic,20,F,4.0,79,TOR
Scottie Lewis,1630575,CHA,1610612766,east,southeast,21,G,16.0,77,CHA
Sekou Doumbouya,1629635,LAL,1610612747,west,pacific,21,F,45.0,81,LAL.DET
Semi Ojeleye,1628400,LAC,1610612746,west,pacific,27,F,37.0,78,LAC.MIL.BOS
Serge Ibaka,201586,MIL,1610612749,east,central,32,F,25.0,82,MIL.LAC.TOR.ORL.OKC
Seth Curry,203552,BKN,1610612751,east,atlantic,31,G,30.0,74,BKN.PHI.DAL.POR.SAC.PHX.CLE.MEM
Shai Gilgeous-Alexander,1628983,OKC,1610612760,west,northwest,23,G,2.0,78,OKC.LAC
Shake Milton,1629003,PHI,1610612755,east,atlantic,25,G-F,18.0,77,PHI
Sharife Cooper,1630536,ATL,1610612737,east,southeast,20,G,2.0,73,ATL
Skylar Mays,1630219,ATL,1610612737,east,southeast,24,G,4.0,76,ATL
Spencer Dinwiddie,203915,DAL,1610612742,west,southwest,28,G,26.0,78,DAL.WAS.BKN.DET
Stanley Johnson,1626169,LAL,1610612747,west,pacific,25,F-G,14.0,78,LAL.TOR.NOP.DET
Stephen Curry,201939,GSW,1610612744,west,pacific,33,G,30.0,74,GSW
Sterling Brown,1628425,DAL,1610612742,west,southwest,27,G-F,0.0,77,DAL.HOU.MIL
Steven Adams,203500,MEM,1610612763,west,southwest,28,C,4.0,83,MEM.NOP.OKC
Svi Mykhailiuk,1629004,TOR,1610612761,east,atlantic,24,G-F,14.0,79,TOR.OKC.DET.LAL
T.J. McConnell,204456,IND,1610612754,east,central,29,G,9.0,73,IND.PHI
T.J. Warren,203933,IND,1610612754,east,central,28,F,1.0,80,IND.PHX
Taj Gibson,201959,NYK,1610612752,east,atlantic,36,F,67.0,81,NYK.MIN.OKC.CHI
Talen Horton-Tucker,1629659,LAL,1610612747,west,pacific,21,G,5.0,76,LAL
Taurean Prince,1627752,MIN,1610612750,west,northwest,27,F,12.0,78,MIN.CLE.BKN.ATL
Terance Mann,1629611,LAC,1610612746,west,pacific,25,G-F,14.0,77,LAC
Terence Davis,1629056,SAC,1610612758,west,pacific,24,G,3.0,76,SAC.TOR
Terrence Ross,203082,ORL,1610612753,east,southeast,31,G-F,31.0,78,ORL.TOR
Terry Rozier,1626179,CHA,1610612766,east,southeast,27,G,3.0,73,CHA.BOS
Terry Taylor,1630678,IND,1610612754,east,central,22,F,32.0,77,IND
Thaddeus Young,201152,TOR,1610612761,east,atlantic,33,F,30.0,80,TOR.SAS.CHI.IND.BKN.MIN.PHI
Thanasis Antetokounmpo,203648,MIL,1610612749,east,central,29,F,43.0,78,MIL.NYK
Theo Maledon,1630177,OKC,1610612760,west,northwest,20,G,11.0,76,OKC
Theo Pinson,1629033,DAL,1610612742,west,southwest,26,G-F,21.0,77,DAL.NYK.BKN
Thomas Bryant,1628418,WAS,1610612764,east,southeast,24,C-F,13.0,82,WAS.LAL
Tim Frazier,204025,CLE,1610612739,east,central,31,G,10.0,72,CLE.ORL.MEM.DET.MIL.NOP.WAS.POR.PHI
Tim Hardaway Jr.,203501,DAL,1610612742,west,southwest,29,G-F,11.0,77,DAL.NYK.ATL
Timothe Luwawu-Cabarrot,1627789,ATL,1610612737,east,southeast,26,G-F,7.0,79,ATL.BKN.CHI.OKC.PHI
Tobias Harris,202699,PHI,1610612755,east,atlantic,29,F,12.0,79,PHI.LAC.DET.ORL.MIL
Tomas Satoransky,203107,WAS,1610612764,east,southeast,30,G,31.0,79,SAS.NOP.CHI.WAS
Tony Bradley,1628396,CHI,1610612741,east,central,24,C-F,13.0,82,CHI.OKC.PHI.UTA
Tony Snell,203503,NOP,1610612740,west,southwest,30,G,21.0,78,NOP.POR.ATL.DET.MIL.CHI
Torrey Craig,1628470,PHX,1610612756,west,pacific,31,F,0.0,79,PHX.IND.MIL.DEN
Trae Young,1629027,ATL,1610612737,east,southeast,23,G,11.0,73,ATL
Tre Jones,1630200,SAS,1610612759,west,southwest,22,G,33.0,73,SAS
Tre Mann,1630544,OKC,1610612760,west,northwest,21,G,23.0,75,OKC
Trendon Watford,1630570,POR,1610612757,west,northwest,21,F,2.0,80,POR
Trent Forrest,1630235,UTA,1610612762,west,northwest,23,G,3.0,76,UTA
Trevelin Queen,1630243,HOU,1610612745,west,southwest,25,G,21.0,78,HOU
Trevor Ariza,2772,LAL,1610612747,west,pacific,36,F,1.0,80,LAL.MIA.POR.SAC.WAS.PHX.HOU.NOH.ORL.NYK
Trey Burke,203504,DAL,1610612742,west,southwest,29,G,3.0,72,DAL.PHI.NYK.WAS.UTA
Trey Lyles,1626168,SAC,1610612758,west,pacific,26,F,41.0,81,SAC.DET.SAS.DEN.UTA
Trey Murphy III,1630530,NOP,1610612740,west,southwest,21,F,25.0,80,NOP
Tristan Thompson,202684,CHI,1610612741,east,central,30,C-F,11.0,81,CHI.IND.SAC.BOS.CLE
Troy Brown Jr.,1628972,CHI,1610612741,east,central,22,G-F,7.0,78,CHI.WAS
Ty Jerome,1629660,OKC,1610612760,west,northwest,24,G-F,16.0,77,OKC.PHX
Tyler Cook,1629076,CHI,1610612741,east,central,24,F,25.0,80,CHI.DET.BKN.DEN.CLE
Tyler Herro,1629639,MIA,1610612748,east,southeast,22,G,14.0,77,MIA
Tyrell Terry,1630179,MEM,1610612763,west,southwest,21,G,3.0,74,MEM.DAL
Tyrese Haliburton,1630169,IND,1610612754,east,central,22,G,0.0,77,IND.SAC
Tyrese Maxey,1630178,PHI,1610612755,east,atlantic,21,G,0.0,74,PHI
Tyus Jones,1626145,MEM,1610612763,west,southwest,25,G,21.0,72,MEM.MIN
Udoka Azubuike,1628962,UTA,1610612762,west,northwest,22,C-F,20.0,84,UTA
Udonis Haslem,2617,MIA,1610612748,east,southeast,41,F,40.0,80,MIA
Usman Garuba,1630586,HOU,1610612745,west,southwest,19,F,16.0,80,HOU
Vernon Carey Jr.,1630176,WAS,1610612764,east,southeast,21,F-C,22.0,81,WAS.CHA
Victor Oladipo,203506,MIA,1610612748,east,southeast,29,G,4.0,76,MIA.HOU.IND.OKC.ORL
Vit Krejci,1630249,OKC,1610612760,west,northwest,21,G,27.0,80,OKC
Vlatko Cancar,1628427,DEN,1610612743,west,northwest,24,F,31.0,80,DEN
Wayne Ellington,201961,LAL,1610612747,west,pacific,34,G,2.0,76,LAL.DET.NYK.MIA.BKN.DAL.CLE.MEM.MIN
Wendell Carter Jr.,1628976,ORL,1610612753,east,southeast,22,C-F,34.0,82,ORL.CHI
Wesley Matthews,202083,MIL,1610612749,east,central,35,G,23.0,76,MIL.LAL.IND.NYK.DAL.POR.UTA
Will Barton,203115,DEN,1610612743,west,northwest,31,G,5.0,77,DEN.POR
Willie Cauley-Stein,1626161,PHI,1610612755,east,atlantic,28,C,0.0,84,PHI.DAL.GSW.SAC
Willy Hernangomez,1626195,NOP,1610612740,west,southwest,27,C-F,9.0,83,NOP.CHA.NYK
Xavier Sneed,1630270,UTA,1610612762,west,northwest,24,F,,77,MEM
Xavier Tillman,1630214,MEM,1610612763,west,southwest,23,F,2.0,80,MEM
Yuta Watanabe,1629139,TOR,1610612761,east,atlantic,27,G-F,18.0,81,TOR.MEM
Yves Pons,1630582,MEM,1610612763,west,southwest,22,F,5.0,77,MEM
Zach Collins,1628380,SAS,1610612759,west,southwest,24,F-C,23.0,83,SAS.POR
Zach LaVine,203897,CHI,1610612741,east,central,26,G-F,8.0,77,CHI.MIN
Zeke Nnaji,1630192,DEN,1610612743,west,northwest,21,F-C,22.0,81,DEN
Ziaire Williams,1630533,MEM,1610612763,west,southwest,20,F,8.0,81,MEM
Zion Williamson,1629627,NOP,1610612740,west,southwest,21,F,1.0,78,NOP
